ID_Venta,Fecha,Cliente,Ciudad,Categoria,Producto,Vendedor,Medio_Pago,Cantidad,Precio_Unitario_Soles,Venta_Total_Soles
1,2026-02-27,Diego Castillo,Arequipa,Tecnología,Monitor,Patricia,Tarjeta,2,709,1418
2,2026-01-04,Maria Garcia,Cusco,Hogar,Microondas,Carlos,Tarjeta,3,399,1197
3,2026-07-05,Luis Flores,Chiclayo,Hogar,Cafetera,Rosa,Yape,1,617,617
4,2026-03-29,Ana Torres,Chiclayo,Hogar,Licuadora,Patricia,Efectivo,4,178,712
5,2026-08-23,Diego Castillo,Piura,Hogar,Aspiradora,Carlos,Efectivo,2,441,882
6,2026-07-15,Jose Quispe,Iquitos,Accesorios,Audífonos,Andrea,Yape,5,468,2340
7,2026-06-02,Maria Garcia,Lima,Hogar,Licuadora,Rosa,Efectivo,3,315,945
8,2026-02-05,Valeria Mendoza,Piura,Hogar,Licuadora,Patricia,Yape,4,460,1840
9,2026-05-07,Valeria Mendoza,Arequipa,Hogar,Cafetera,Fernando,Plin,3,216,648
10,2026-08-31,Ana Torres,Piura,Hogar,Microondas,Patricia,Plin,4,589,2356
11,2026-08-05,Ana Torres,Iquitos,Hogar,Aspiradora,Patricia,Yape,4,853,3412
12,2026-03-26,Juan Perez,Piura,Accesorios,Teclado,Patricia,Plin,4,111,444
13,2026-01-30,Jose Quispe,Trujillo,Tecnología,Tablet,Miguel,Plin,1,839,839
14,2026-06-10,Sofia Ramirez,Lima,Hogar,Aspiradora,Andrea,Tarjeta,4,309,1236
15,2026-05-26,Luis Flores,Trujillo,Hogar,Microondas,Fernando,Plin,5,827,4135
16,2026-06-25,Jose Quispe,Chiclayo,Hogar,Aspiradora,Patricia,Yape,5,583,2915
17,2026-02-27,Diego Castillo,Piura,Tecnología,Tablet,Rosa,Plin,5,1456,7280
18,2026-05-02,Sofia Ramirez,Trujillo,Hogar,Licuadora,Andrea,Plin,4,492,1968
19,2026-01-13,Juan Perez,Lima,Hogar,Microondas,Fernando,Efectivo,3,697,2091
20,2026-06-26,Lucia Vargas,Trujillo,Oficina,Archivador,Rosa,Yape,5,220,1100
21,2026-06-03,Diego Castillo,Iquitos,Oficina,Archivador,Fernando,Tarjeta,3,327,981
22,2026-08-27,Valeria Mendoza,Piura,Accesorios,Webcam,Carlos,Efectivo,2,245,490
23,2026-08-01,Valeria Mendoza,Chiclayo,Hogar,Microondas,Fernando,Tarjeta,4,462,1848
24,2026-08-15,Ana Torres,Trujillo,Accesorios,Webcam,Miguel,Tarjeta,2,266,532
25,2026-02-11,Juan Perez,Iquitos,Hogar,Licuadora,Fernando,Efectivo,2,358,716
26,2026-09-02,Carlos Lopez,Piura,Tecnología,Monitor,Fernando,Yape,3,1358,4074
27,2026-07-21,Maria Garcia,Cusco,Tecnología,Laptop,Carlos,Yape,4,2477,9908
28,2026-06-29,Sofia Ramirez,Arequipa,Hogar,Cafetera,Fernando,Yape,1,609,609
29,2026-03-25,Sofia Ramirez,Piura,Oficina,Escritorio,Patricia,Tarjeta,5,992,4960
30,2026-02-05,Valeria Mendoza,Cusco,Oficina,Escritorio,Rosa,Tarjeta,4,506,2024
31,2026-06-15,Luis Flores,Trujillo,Hogar,Cafetera,Miguel,Tarjeta,3,471,1413
32,2026-01-06,Lucia Vargas,Trujillo,Hogar,Cafetera,Patricia,Tarjeta,2,533,1066
33,2026-08-06,Jose Quispe,Piura,Oficina,Impresora,Miguel,Yape,4,646,2584
34,2026-04-10,Luis Flores,Cusco,Oficina,Silla,Patricia,Efectivo,3,816,2448
35,2026-06-24,Jose Quispe,Iquitos,Hogar,Cafetera,Patricia,Plin,3,385,1155
36,2026-09-25,Maria Garcia,Arequipa,Accesorios,Webcam,Carlos,Efectivo,4,402,1608
37,2026-08-19,Carlos Lopez,Lima,Accesorios,Audífonos,Carlos,Plin,1,176,176
38,2026-06-07,Maria Garcia,Arequipa,Oficina,Archivador,Rosa,Yape,1,341,341
39,2026-05-18,Carlos Lopez,Trujillo,Tecnología,Tablet,Patricia,Efectivo,4,1605,6420
40,2026-05-28,Lucia Vargas,Iquitos,Accesorios,Teclado,Patricia,Efectivo,4,107,428
41,2026-01-27,Valeria Mendoza,Lima,Hogar,Aspiradora,Rosa,Plin,5,545,2725
42,2026-09-13,Sofia Ramirez,Iquitos,Oficina,Impresora,Fernando,Tarjeta,4,1214,4856
43,2026-01-02,Lucia Vargas,Cusco,Oficina,Impresora,Andrea,Efectivo,5,836,4180
44,2026-01-23,Diego Castillo,Iquitos,Oficina,Archivador,Rosa,Plin,4,389,1556
45,2026-02-08,Luis Flores,Arequipa,Accesorios,Audífonos,Rosa,Yape,3,135,405
46,2026-08-11,Carlos Lopez,Arequipa,Tecnología,Laptop,Carlos,Efectivo,4,2540,10160
47,2026-05-04,Diego Castillo,Chiclayo,Accesorios,Mouse,Miguel,Efectivo,2,138,276
48,2026-06-04,Lucia Vargas,Iquitos,Hogar,Microondas,Miguel,Plin,4,361,1444
49,2026-04-08,Ana Torres,Arequipa,Oficina,Silla,Fernando,Tarjeta,1,342,342
50,2026-09-14,Diego Castillo,Lima,Oficina,Silla,Miguel,Yape,3,394,1182
51,2026-08-21,Maria Garcia,Arequipa,Oficina,Impresora,Carlos,Yape,5,1113,5565
52,2026-06-05,Luis Flores,Lima,Accesorios,Teclado,Rosa,Tarjeta,1,130,130
53,2026-04-22,Lucia Vargas,Lima,Accesorios,Webcam,Carlos,Tarjeta,2,228,456
54,2026-05-05,Carlos Lopez,Lima,Hogar,Licuadora,Miguel,Plin,1,225,225
55,2026-06-15,Juan Perez,Chiclayo,Tecnología,Tablet,Rosa,Tarjeta,3,959,2877
56,2026-08-23,Lucia Vargas,Piura,Tecnología,Laptop,Rosa,Tarjeta,4,3935,15740
57,2026-07-15,Diego Castillo,Chiclayo,Oficina,Archivador,Carlos,Tarjeta,5,236,1180
58,2026-08-07,Sofia Ramirez,Chiclayo,Oficina,Impresora,Carlos,Efectivo,3,1281,3843
59,2026-07-01,Luis Flores,Piura,Accesorios,Teclado,Andrea,Efectivo,3,259,777
60,2026-01-14,Diego Castillo,Cusco,Oficina,Escritorio,Patricia,Tarjeta,2,760,1520
61,2026-03-22,Luis Flores,Arequipa,Oficina,Impresora,Fernando,Yape,3,903,2709
62,2026-06-26,Luis Flores,Trujillo,Accesorios,Teclado,Carlos,Yape,3,188,564
63,2026-09-12,Diego Castillo,Piura,Accesorios,Mouse,Patricia,Efectivo,2,69,138
64,2026-05-29,Sofia Ramirez,Arequipa,Tecnología,Smartphone,Miguel,Plin,1,2684,2684
65,2026-02-09,Valeria Mendoza,Iquitos,Tecnología,Tablet,Fernando,Efectivo,3,1002,3006
66,2026-06-15,Luis Flores,Lima,Oficina,Silla,Rosa,Yape,4,325,1300
67,2026-09-17,Carlos Lopez,Lima,Accesorios,Webcam,Andrea,Efectivo,5,378,1890
68,2026-08-13,Luis Flores,Trujillo,Hogar,Aspiradora,Rosa,Plin,3,353,1059
69,2026-06-20,Jose Quispe,Trujillo,Tecnología,Tablet,Carlos,Tarjeta,3,1502,4506
70,2026-06-08,Lucia Vargas,Arequipa,Hogar,Licuadora,Fernando,Efectivo,3,229,687
71,2026-03-20,Valeria Mendoza,Iquitos,Hogar,Licuadora,Andrea,Tarjeta,5,336,1680
72,2026-08-14,Maria Garcia,Trujillo,Accesorios,Audífonos,Carlos,Plin,4,152,608
73,2026-05-20,Sofia Ramirez,Lima,Accesorios,Mouse,Rosa,Tarjeta,4,145,580
74,2026-03-16,Jose Quispe,Cusco,Hogar,Cafetera,Carlos,Tarjeta,3,409,1227
75,2026-05-02,Lucia Vargas,Trujillo,Oficina,Escritorio,Andrea,Efectivo,1,997,997
76,2026-04-06,Sofia Ramirez,Iquitos,Tecnología,Monitor,Carlos,Tarjeta,1,1539,1539
77,2026-05-04,Juan Perez,Trujillo,Tecnología,Monitor,Andrea,Yape,2,1193,2386
78,2026-04-13,Diego Castillo,Chiclayo,Tecnología,Monitor,Patricia,Efectivo,3,1469,4407
79,2026-06-23,Luis Flores,Trujillo,Hogar,Microondas,Patricia,Efectivo,4,570,2280
80,2026-03-27,Juan Perez,Arequipa,Accesorios,Audífonos,Carlos,Plin,4,411,1644
81,2026-07-07,Maria Garcia,Lima,Oficina,Archivador,Rosa,Plin,5,323,1615
82,2026-09-13,Maria Garcia,Iquitos,Accesorios,Teclado,Rosa,Tarjeta,3,311,933
83,2026-06-27,Sofia Ramirez,Cusco,Tecnología,Monitor,Fernando,Plin,3,856,2568
84,2026-02-14,Sofia Ramirez,Arequipa,Tecnología,Monitor,Fernando,Plin,4,1576,6304
85,2026-03-08,Luis Flores,Arequipa,Accesorios,Teclado,Rosa,Tarjeta,1,208,208
86,2026-02-17,Luis Flores,Cusco,Hogar,Licuadora,Andrea,Efectivo,2,173,346
87,2026-06-02,Jose Quispe,Piura,Accesorios,Teclado,Carlos,Tarjeta,1,256,256
88,2026-05-04,Ana Torres,Iquitos,Accesorios,Teclado,Andrea,Efectivo,3,247,741
89,2026-09-21,Luis Flores,Piura,Accesorios,Webcam,Carlos,Yape,3,360,1080
90,2026-08-09,Jose Quispe,Trujillo,Hogar,Aspiradora,Fernando,Yape,3,883,2649
91,2026-03-07,Jose Quispe,Cusco,Tecnología,Smartphone,Andrea,Plin,3,1390,4170
92,2026-06-17,Diego Castillo,Piura,Oficina,Silla,Miguel,Yape,4,556,2224
93,2026-08-31,Diego Castillo,Arequipa,Oficina,Silla,Patricia,Plin,1,282,282
94,2026-07-30,Luis Flores,Piura,Accesorios,Teclado,Patricia,Plin,2,255,510
95,2026-05-07,Diego Castillo,Cusco,Oficina,Impresora,Miguel,Plin,2,1264,2528
96,2026-05-29,Ana Torres,Chiclayo,Tecnología,Monitor,Andrea,Yape,1,1025,1025
97,2026-02-21,Ana Torres,Piura,Accesorios,Audífonos,Rosa,Yape,4,145,580
98,2026-03-31,Jose Quispe,Piura,Accesorios,Mouse,Patricia,Plin,1,122,122
99,2026-09-16,Carlos Lopez,Piura,Accesorios,Audífonos,Rosa,Efectivo,2,445,890
100,2026-08-07,Lucia Vargas,Lima,Oficina,Escritorio,Miguel,Tarjeta,4,617,2468
101,2026-05-01,Valeria Mendoza,Chiclayo,Tecnología,Laptop,Fernando,Tarjeta,4,2828,11312
102,2026-08-01,Carlos Lopez,Arequipa,Accesorios,Mouse,Miguel,Efectivo,2,101,202
103,2026-03-01,Luis Flores,Iquitos,Hogar,Microondas,Carlos,Plin,1,562,562
104,2026-02-07,Diego Castillo,Lima,Tecnología,Smartphone,Rosa,Plin,3,1082,3246
105,2026-06-28,Ana Torres,Cusco,Tecnología,Tablet,Miguel,Plin,5,1783,8915
106,2026-05-22,Valeria Mendoza,Arequipa,Hogar,Cafetera,Fernando,Plin,1,285,285
107,2026-01-29,Jose Quispe,Cusco,Hogar,Aspiradora,Carlos,Tarjeta,2,833,1666
108,2026-07-15,Diego Castillo,Piura,Oficina,Archivador,Fernando,Plin,4,193,772
109,2026-07-18,Jose Quispe,Arequipa,Hogar,Aspiradora,Patricia,Plin,2,495,990
110,2026-06-20,Luis Flores,Trujillo,Oficina,Escritorio,Miguel,Efectivo,2,595,1190
111,2026-08-27,Sofia Ramirez,Arequipa,Tecnología,Smartphone,Patricia,Plin,3,2081,6243
112,2026-09-13,Juan Perez,Iquitos,Oficina,Impresora,Carlos,Efectivo,4,638,2552
113,2026-03-12,Luis Flores,Piura,Hogar,Cafetera,Miguel,Yape,2,371,742
114,2026-09-15,Lucia Vargas,Arequipa,Accesorios,Mouse,Rosa,Plin,1,145,145
115,2026-06-03,Juan Perez,Arequipa,Tecnología,Laptop,Andrea,Efectivo,1,3030,3030
116,2026-05-19,Sofia Ramirez,Cusco,Tecnología,Laptop,Rosa,Plin,3,4041,12123
117,2026-02-10,Jose Quispe,Cusco,Oficina,Escritorio,Patricia,Plin,1,684,684
118,2026-07-14,Sofia Ramirez,Iquitos,Tecnología,Monitor,Miguel,Yape,2,668,1336
119,2026-03-09,Maria Garcia,Chiclayo,Tecnología,Tablet,Fernando,Plin,4,1749,6996
120,2026-09-24,Luis Flores,Arequipa,Hogar,Microondas,Rosa,Efectivo,2,435,870
121,2026-04-11,Ana Torres,Cusco,Accesorios,Teclado,Miguel,Plin,2,149,298
122,2026-07-23,Juan Perez,Chiclayo,Oficina,Impresora,Patricia,Plin,4,1056,4224
123,2026-08-13,Jose Quispe,Iquitos,Oficina,Escritorio,Rosa,Efectivo,4,783,3132
124,2026-01-19,Ana Torres,Piura,Oficina,Escritorio,Rosa,Plin,1,759,759
125,2026-08-17,Ana Torres,Piura,Oficina,Archivador,Patricia,Tarjeta,4,192,768
126,2026-09-01,Carlos Lopez,Trujillo,Tecnología,Smartphone,Fernando,Efectivo,4,983,3932
127,2026-08-25,Lucia Vargas,Lima,Hogar,Microondas,Fernando,Plin,2,580,1160
128,2026-07-07,Lucia Vargas,Piura,Oficina,Silla,Carlos,Plin,4,366,1464
129,2026-06-10,Carlos Lopez,Piura,Tecnología,Tablet,Andrea,Efectivo,3,1074,3222
130,2026-05-28,Valeria Mendoza,Cusco,Hogar,Licuadora,Andrea,Yape,3,398,1194
131,2026-01-16,Sofia Ramirez,Piura,Hogar,Aspiradora,Carlos,Efectivo,1,879,879
132,2026-04-22,Ana Torres,Iquitos,Accesorios,Teclado,Andrea,Yape,2,299,598
133,2026-06-29,Ana Torres,Iquitos,Oficina,Silla,Rosa,Efectivo,3,310,930
134,2026-09-08,Valeria Mendoza,Chiclayo,Hogar,Aspiradora,Rosa,Tarjeta,4,584,2336
135,2026-02-02,Juan Perez,Lima,Accesorios,Mouse,Rosa,Efectivo,4,224,896
136,2026-01-09,Juan Perez,Cusco,Tecnología,Tablet,Rosa,Tarjeta,4,701,2804
137,2026-04-30,Valeria Mendoza,Lima,Accesorios,Teclado,Andrea,Efectivo,1,141,141
138,2026-02-15,Carlos Lopez,Cusco,Tecnología,Laptop,Fernando,Efectivo,3,2952,8856
139,2026-04-22,Jose Quispe,Piura,Tecnología,Laptop,Fernando,Plin,2,3741,7482
140,2026-07-20,Jose Quispe,Chiclayo,Oficina,Escritorio,Andrea,Efectivo,2,362,724
141,2026-02-07,Jose Quispe,Piura,Tecnología,Laptop,Fernando,Plin,1,2736,2736
142,2026-05-23,Diego Castillo,Lima,Tecnología,Monitor,Patricia,Yape,1,818,818
143,2026-06-08,Sofia Ramirez,Iquitos,Hogar,Cafetera,Patricia,Tarjeta,1,434,434
144,2026-09-26,Maria Garcia,Arequipa,Tecnología,Monitor,Rosa,Yape,5,1516,7580
145,2026-01-23,Maria Garcia,Piura,Tecnología,Tablet,Miguel,Yape,1,1445,1445
146,2026-09-15,Lucia Vargas,Iquitos,Tecnología,Tablet,Miguel,Plin,2,1756,3512
147,2026-08-26,Maria Garcia,Arequipa,Oficina,Archivador,Fernando,Plin,2,120,240
148,2026-08-03,Diego Castillo,Lima,Accesorios,Teclado,Fernando,Yape,2,128,256
149,2026-08-11,Valeria Mendoza,Trujillo,Hogar,Licuadora,Patricia,Yape,3,381,1143
150,2026-07-03,Luis Flores,Trujillo,Hogar,Microondas,Andrea,Yape,3,460,1380
151,2026-07-27,Ana Torres,Chiclayo,Accesorios,Mouse,Patricia,Plin,1,69,69
152,2026-02-17,Luis Flores,Trujillo,Oficina,Escritorio,Patricia,Plin,1,380,380
153,2026-01-18,Valeria Mendoza,Piura,Hogar,Aspiradora,Patricia,Tarjeta,4,440,1760
154,2026-09-15,Luis Flores,Piura,Oficina,Archivador,Rosa,Yape,3,239,717
155,2026-04-23,Carlos Lopez,Cusco,Accesorios,Audífonos,Carlos,Yape,2,377,754
156,2026-01-29,Lucia Vargas,Chiclayo,Hogar,Licuadora,Andrea,Yape,1,464,464
157,2026-07-06,Sofia Ramirez,Arequipa,Tecnología,Monitor,Rosa,Plin,4,1189,4756
158,2026-07-13,Ana Torres,Trujillo,Oficina,Impresora,Miguel,Plin,2,1104,2208
159,2026-02-15,Diego Castillo,Trujillo,Oficina,Archivador,Fernando,Efectivo,1,344,344
160,2026-02-21,Jose Quispe,Lima,Accesorios,Mouse,Miguel,Efectivo,2,91,182
161,2026-01-16,Ana Torres,Lima,Accesorios,Mouse,Carlos,Efectivo,5,219,1095
162,2026-09-09,Luis Flores,Iquitos,Hogar,Cafetera,Patricia,Efectivo,3,601,1803
163,2026-09-08,Carlos Lopez,Iquitos,Oficina,Escritorio,Rosa,Yape,5,619,3095
164,2026-02-13,Lucia Vargas,Piura,Oficina,Archivador,Fernando,Plin,5,160,800
165,2026-03-03,Maria Garcia,Cusco,Accesorios,Mouse,Fernando,Efectivo,2,131,262
166,2026-06-16,Luis Flores,Iquitos,Oficina,Archivador,Fernando,Tarjeta,1,171,171
167,2026-07-30,Valeria Mendoza,Trujillo,Oficina,Archivador,Miguel,Yape,4,322,1288
168,2026-06-22,Diego Castillo,Chiclayo,Oficina,Impresora,Patricia,Tarjeta,3,1196,3588
169,2026-01-29,Juan Perez,Trujillo,Hogar,Cafetera,Rosa,Plin,3,579,1737
170,2026-05-21,Luis Flores,Lima,Oficina,Archivador,Patricia,Yape,5,299,1495
171,2026-03-25,Luis Flores,Cusco,Hogar,Licuadora,Patricia,Tarjeta,2,160,320
172,2026-08-24,Sofia Ramirez,Iquitos,Oficina,Silla,Miguel,Tarjeta,4,539,2156
173,2026-06-02,Lucia Vargas,Chiclayo,Hogar,Licuadora,Fernando,Plin,5,313,1565
174,2026-06-25,Sofia Ramirez,Arequipa,Hogar,Microondas,Rosa,Tarjeta,3,415,1245
175,2026-08-04,Jose Quispe,Trujillo,Oficina,Impresora,Patricia,Yape,3,933,2799
176,2026-03-19,Carlos Lopez,Piura,Hogar,Licuadora,Andrea,Efectivo,3,242,726
177,2026-02-15,Ana Torres,Arequipa,Hogar,Microondas,Rosa,Tarjeta,4,452,1808
178,2026-06-09,Sofia Ramirez,Cusco,Hogar,Cafetera,Miguel,Plin,4,601,2404
179,2026-03-26,Juan Perez,Lima,Accesorios,Teclado,Rosa,Yape,2,104,208
180,2026-08-02,Diego Castillo,Iquitos,Accesorios,Webcam,Carlos,Yape,1,190,190
181,2026-05-25,Ana Torres,Lima,Tecnología,Laptop,Carlos,Yape,4,2606,10424
182,2026-02-26,Sofia Ramirez,Iquitos,Accesorios,Mouse,Rosa,Tarjeta,1,94,94
183,2026-08-07,Valeria Mendoza,Trujillo,Tecnología,Laptop,Patricia,Efectivo,1,2219,2219
184,2026-08-04,Valeria Mendoza,Cusco,Hogar,Cafetera,Carlos,Efectivo,2,393,786
185,2026-08-14,Valeria Mendoza,Trujillo,Tecnología,Laptop,Rosa,Efectivo,3,3541,10623
186,2026-03-18,Diego Castillo,Iquitos,Tecnología,Laptop,Andrea,Yape,2,3235,6470
187,2026-08-24,Luis Flores,Piura,Accesorios,Webcam,Fernando,Plin,1,446,446
188,2026-08-22,Luis Flores,Piura,Oficina,Impresora,Fernando,Tarjeta,1,566,566
189,2026-02-24,Juan Perez,Chiclayo,Tecnología,Tablet,Rosa,Yape,4,1538,6152
190,2026-08-19,Lucia Vargas,Trujillo,Accesorios,Mouse,Fernando,Efectivo,4,76,304
191,2026-08-03,Ana Torres,Arequipa,Hogar,Aspiradora,Andrea,Tarjeta,4,441,1764
192,2026-06-26,Diego Castillo,Arequipa,Hogar,Licuadora,Carlos,Yape,5,395,1975
193,2026-04-13,Ana Torres,Chiclayo,Oficina,Silla,Rosa,Efectivo,3,283,849
194,2026-05-02,Luis Flores,Cusco,Oficina,Escritorio,Andrea,Yape,4,803,3212
195,2026-04-06,Lucia Vargas,Lima,Hogar,Cafetera,Rosa,Tarjeta,4,246,984
196,2026-09-09,Sofia Ramirez,Trujillo,Oficina,Escritorio,Miguel,Plin,3,906,2718
197,2026-09-01,Jose Quispe,Iquitos,Tecnología,Laptop,Fernando,Efectivo,3,3112,9336
198,2026-09-07,Diego Castillo,Chiclayo,Tecnología,Monitor,Carlos,Plin,2,668,1336
199,2026-01-13,Diego Castillo,Cusco,Accesorios,Audífonos,Miguel,Yape,1,330,330
200,2026-07-19,Valeria Mendoza,Arequipa,Tecnología,Laptop,Fernando,Plin,5,2329,11645
201,2026-03-11,Ana Torres,Cusco,Accesorios,Audífonos,Rosa,Plin,2,207,414
202,2026-03-24,Maria Garcia,Arequipa,Hogar,Licuadora,Rosa,Efectivo,5,493,2465
203,2026-06-19,Juan Perez,Trujillo,Oficina,Silla,Andrea,Plin,2,563,1126
204,2026-08-12,Luis Flores,Chiclayo,Oficina,Impresora,Rosa,Yape,2,629,1258
205,2026-02-08,Luis Flores,Arequipa,Tecnología,Laptop,Patricia,Yape,5,3385,16925
206,2026-07-23,Ana Torres,Lima,Oficina,Escritorio,Miguel,Tarjeta,2,929,1858
207,2026-04-30,Jose Quispe,Piura,Tecnología,Tablet,Andrea,Efectivo,5,1439,7195
208,2026-07-13,Jose Quispe,Chiclayo,Oficina,Escritorio,Miguel,Plin,5,843,4215
209,2026-03-18,Carlos Lopez,Piura,Hogar,Licuadora,Fernando,Plin,3,319,957
210,2026-03-10,Carlos Lopez,Arequipa,Tecnología,Tablet,Patricia,Plin,1,1228,1228
211,2026-04-04,Carlos Lopez,Cusco,Oficina,Silla,Fernando,Yape,3,457,1371
212,2026-09-15,Lucia Vargas,Iquitos,Tecnología,Laptop,Rosa,Yape,4,3550,14200
213,2026-08-06,Diego Castillo,Chiclayo,Hogar,Aspiradora,Andrea,Tarjeta,4,718,2872
214,2026-07-29,Carlos Lopez,Trujillo,Oficina,Escritorio,Fernando,Efectivo,2,632,1264
215,2026-05-10,Juan Perez,Iquitos,Oficina,Impresora,Carlos,Plin,4,1254,5016
216,2026-08-30,Juan Perez,Arequipa,Accesorios,Teclado,Rosa,Tarjeta,1,169,169
217,2026-04-10,Juan Perez,Chiclayo,Tecnología,Tablet,Rosa,Yape,5,773,3865
218,2026-02-16,Luis Flores,Trujillo,Oficina,Impresora,Carlos,Tarjeta,3,866,2598
219,2026-05-09,Ana Torres,Iquitos,Accesorios,Webcam,Miguel,Efectivo,5,232,1160
220,2026-06-30,Valeria Mendoza,Chiclayo,Tecnología,Monitor,Andrea,Plin,2,1317,2634
221,2026-05-04,Sofia Ramirez,Cusco,Oficina,Silla,Fernando,Tarjeta,2,754,1508
222,2026-09-09,Valeria Mendoza,Lima,Hogar,Aspiradora,Rosa,Efectivo,4,789,3156
223,2026-06-11,Diego Castillo,Arequipa,Tecnología,Laptop,Patricia,Tarjeta,2,2977,5954
224,2026-07-06,Diego Castillo,Cusco,Accesorios,Audífonos,Andrea,Tarjeta,4,104,416
225,2026-09-07,Sofia Ramirez,Trujillo,Oficina,Impresora,Fernando,Tarjeta,5,1309,6545
226,2026-06-26,Sofia Ramirez,Cusco,Tecnología,Smartphone,Rosa,Efectivo,1,1965,1965
227,2026-02-06,Juan Perez,Arequipa,Tecnología,Tablet,Rosa,Plin,3,1342,4026
228,2026-05-09,Maria Garcia,Chiclayo,Tecnología,Tablet,Patricia,Tarjeta,2,910,1820
229,2026-04-28,Valeria Mendoza,Arequipa,Hogar,Aspiradora,Rosa,Plin,4,329,1316
230,2026-08-22,Luis Flores,Cusco,Accesorios,Audífonos,Fernando,Yape,3,169,507
231,2026-09-09,Diego Castillo,Iquitos,Accesorios,Audífonos,Patricia,Plin,1,183,183
232,2026-05-15,Valeria Mendoza,Trujillo,Tecnología,Smartphone,Rosa,Efectivo,2,2978,5956
233,2026-04-07,Sofia Ramirez,Cusco,Oficina,Escritorio,Miguel,Efectivo,2,798,1596
234,2026-07-10,Diego Castillo,Iquitos,Accesorios,Teclado,Patricia,Plin,3,275,825
235,2026-01-18,Luis Flores,Arequipa,Hogar,Microondas,Miguel,Yape,1,431,431
236,2026-04-22,Ana Torres,Arequipa,Tecnología,Tablet,Patricia,Yape,4,730,2920
237,2026-06-23,Sofia Ramirez,Chiclayo,Tecnología,Laptop,Andrea,Tarjeta,3,3520,10560
238,2026-01-21,Luis Flores,Iquitos,Accesorios,Webcam,Miguel,Tarjeta,5,350,1750
239,2026-08-21,Diego Castillo,Chiclayo,Tecnología,Smartphone,Miguel,Yape,2,1778,3556
240,2026-02-19,Luis Flores,Lima,Tecnología,Laptop,Miguel,Plin,2,2565,5130
241,2026-02-06,Luis Flores,Lima,Tecnología,Tablet,Andrea,Yape,4,863,3452
242,2026-02-21,Jose Quispe,Cusco,Hogar,Microondas,Fernando,Tarjeta,2,732,1464
243,2026-03-22,Luis Flores,Trujillo,Accesorios,Audífonos,Patricia,Efectivo,3,492,1476
244,2026-07-23,Jose Quispe,Piura,Tecnología,Laptop,Fernando,Plin,3,3420,10260
245,2026-02-18,Valeria Mendoza,Arequipa,Tecnología,Smartphone,Patricia,Yape,3,2303,6909
246,2026-06-03,Juan Perez,Trujillo,Tecnología,Smartphone,Fernando,Plin,1,2225,2225
247,2026-06-17,Jose Quispe,Cusco,Hogar,Licuadora,Miguel,Yape,1,263,263
248,2026-07-24,Sofia Ramirez,Chiclayo,Accesorios,Mouse,Fernando,Yape,2,118,236
249,2026-02-27,Ana Torres,Chiclayo,Accesorios,Webcam,Miguel,Plin,3,239,717
250,2026-02-13,Luis Flores,Piura,Tecnología,Laptop,Patricia,Plin,2,4143,8286
251,2026-01-10,Maria Garcia,Lima,Accesorios,Teclado,Miguel,Efectivo,3,218,654
252,2026-04-29,Carlos Lopez,Lima,Accesorios,Teclado,Miguel,Tarjeta,3,236,708
253,2026-07-01,Diego Castillo,Piura,Oficina,Silla,Rosa,Plin,5,480,2400
254,2026-08-02,Carlos Lopez,Cusco,Hogar,Licuadora,Andrea,Plin,4,217,868
255,2026-06-12,Lucia Vargas,Piura,Tecnología,Laptop,Miguel,Plin,2,2850,5700
256,2026-04-29,Ana Torres,Arequipa,Hogar,Cafetera,Carlos,Efectivo,3,613,1839
257,2026-01-08,Lucia Vargas,Chiclayo,Oficina,Archivador,Patricia,Tarjeta,2,246,492
258,2026-07-21,Luis Flores,Iquitos,Tecnología,Laptop,Miguel,Efectivo,4,3135,12540
259,2026-03-27,Valeria Mendoza,Lima,Accesorios,Audífonos,Andrea,Efectivo,5,311,1555
260,2026-04-14,Juan Perez,Iquitos,Accesorios,Teclado,Andrea,Tarjeta,3,161,483
261,2026-03-18,Juan Perez,Cusco,Hogar,Licuadora,Patricia,Efectivo,2,378,756
262,2026-01-03,Sofia Ramirez,Lima,Accesorios,Mouse,Andrea,Yape,2,97,194
263,2026-06-02,Sofia Ramirez,Trujillo,Oficina,Escritorio,Patricia,Yape,1,925,925
264,2026-08-07,Luis Flores,Cusco,Tecnología,Monitor,Fernando,Tarjeta,4,1062,4248
265,2026-05-13,Ana Torres,Iquitos,Oficina,Silla,Fernando,Efectivo,5,448,2240
266,2026-07-31,Sofia Ramirez,Trujillo,Tecnología,Monitor,Patricia,Yape,3,523,1569
267,2026-03-31,Jose Quispe,Trujillo,Hogar,Aspiradora,Fernando,Tarjeta,3,793,2379
268,2026-01-10,Sofia Ramirez,Chiclayo,Hogar,Aspiradora,Carlos,Tarjeta,3,847,2541
269,2026-07-31,Valeria Mendoza,Piura,Tecnología,Smartphone,Andrea,Plin,2,1685,3370
270,2026-06-24,Sofia Ramirez,Cusco,Accesorios,Audífonos,Carlos,Yape,3,404,1212
271,2026-09-24,Luis Flores,Lima,Oficina,Escritorio,Carlos,Yape,5,895,4475
272,2026-04-16,Diego Castillo,Lima,Oficina,Impresora,Carlos,Efectivo,3,583,1749
273,2026-07-20,Valeria Mendoza,Cusco,Hogar,Microondas,Andrea,Plin,5,390,1950
274,2026-03-15,Lucia Vargas,Piura,Oficina,Impresora,Andrea,Yape,4,940,3760
275,2026-07-27,Ana Torres,Iquitos,Tecnología,Monitor,Rosa,Efectivo,5,1118,5590
276,2026-08-11,Lucia Vargas,Lima,Oficina,Silla,Rosa,Efectivo,2,349,698
277,2026-06-17,Luis Flores,Piura,Accesorios,Teclado,Rosa,Tarjeta,1,180,180
278,2026-08-11,Diego Castillo,Chiclayo,Oficina,Escritorio,Fernando,Efectivo,5,912,4560
279,2026-06-12,Juan Perez,Arequipa,Accesorios,Webcam,Rosa,Efectivo,4,156,624
280,2026-08-12,Diego Castillo,Piura,Hogar,Cafetera,Carlos,Efectivo,2,499,998
281,2026-05-02,Luis Flores,Cusco,Oficina,Archivador,Fernando,Yape,5,160,800
282,2026-09-25,Diego Castillo,Trujillo,Tecnología,Tablet,Miguel,Tarjeta,4,859,3436
283,2026-03-27,Luis Flores,Trujillo,Tecnología,Monitor,Andrea,Tarjeta,5,1469,7345
284,2026-05-21,Lucia Vargas,Iquitos,Oficina,Escritorio,Andrea,Efectivo,1,591,591
285,2026-07-31,Jose Quispe,Arequipa,Accesorios,Mouse,Patricia,Efectivo,4,171,684
286,2026-08-31,Diego Castillo,Piura,Oficina,Silla,Rosa,Tarjeta,5,792,3960
287,2026-06-21,Juan Perez,Cusco,Oficina,Impresora,Carlos,Yape,1,770,770
288,2026-08-17,Diego Castillo,Chiclayo,Oficina,Silla,Rosa,Plin,3,472,1416
289,2026-02-26,Luis Flores,Iquitos,Hogar,Aspiradora,Miguel,Plin,3,631,1893
290,2026-08-14,Juan Perez,Lima,Tecnología,Smartphone,Carlos,Tarjeta,2,2815,5630
291,2026-08-17,Maria Garcia,Piura,Tecnología,Smartphone,Andrea,Yape,2,2399,4798
292,2026-07-16,Jose Quispe,Lima,Accesorios,Teclado,Patricia,Plin,5,228,1140
293,2026-06-03,Valeria Mendoza,Piura,Accesorios,Teclado,Patricia,Yape,3,112,336
294,2026-01-19,Valeria Mendoza,Chiclayo,Oficina,Escritorio,Carlos,Efectivo,3,899,2697
295,2026-01-24,Ana Torres,Lima,Hogar,Licuadora,Andrea,Efectivo,1,462,462
296,2026-06-22,Jose Quispe,Arequipa,Accesorios,Audífonos,Patricia,Plin,1,456,456
297,2026-01-21,Luis Flores,Piura,Hogar,Cafetera,Patricia,Efectivo,5,221,1105
298,2026-05-03,Jose Quispe,Arequipa,Hogar,Cafetera,Patricia,Plin,5,358,1790
299,2026-05-22,Juan Perez,Lima,Tecnología,Tablet,Rosa,Yape,1,1005,1005
300,2026-04-01,Ana Torres,Lima,Hogar,Cafetera,Andrea,Efectivo,4,549,2196
301,2026-04-13,Ana Torres,Trujillo,Accesorios,Mouse,Andrea,Yape,1,211,211
302,2026-01-31,Valeria Mendoza,Iquitos,Oficina,Silla,Andrea,Efectivo,1,410,410
303,2026-08-25,Jose Quispe,Lima,Oficina,Escritorio,Patricia,Efectivo,4,955,3820
304,2026-09-03,Lucia Vargas,Chiclayo,Tecnología,Smartphone,Fernando,Yape,4,2465,9860
305,2026-08-21,Jose Quispe,Piura,Accesorios,Mouse,Andrea,Yape,4,242,968
306,2026-06-21,Jose Quispe,Lima,Tecnología,Monitor,Rosa,Efectivo,1,1248,1248
307,2026-04-18,Jose Quispe,Trujillo,Hogar,Aspiradora,Patricia,Tarjeta,3,364,1092
308,2026-02-03,Luis Flores,Cusco,Hogar,Microondas,Rosa,Plin,1,491,491
309,2026-08-31,Jose Quispe,Cusco,Oficina,Archivador,Patricia,Tarjeta,4,295,1180
310,2026-03-09,Carlos Lopez,Arequipa,Oficina,Silla,Carlos,Yape,3,716,2148
311,2026-06-12,Valeria Mendoza,Iquitos,Hogar,Microondas,Andrea,Efectivo,3,425,1275
312,2026-06-13,Juan Perez,Arequipa,Hogar,Cafetera,Rosa,Yape,5,422,2110
313,2026-06-07,Jose Quispe,Iquitos,Tecnología,Smartphone,Patricia,Yape,5,2263,11315
314,2026-09-20,Jose Quispe,Lima,Accesorios,Mouse,Andrea,Efectivo,4,139,556
315,2026-08-01,Maria Garcia,Lima,Accesorios,Audífonos,Patricia,Tarjeta,2,402,804
316,2026-08-01,Ana Torres,Lima,Hogar,Microondas,Carlos,Plin,5,633,3165
317,2026-05-15,Diego Castillo,Iquitos,Oficina,Archivador,Miguel,Efectivo,1,154,154
318,2026-03-03,Jose Quispe,Chiclayo,Oficina,Escritorio,Carlos,Plin,3,404,1212
319,2026-04-04,Sofia Ramirez,Iquitos,Tecnología,Tablet,Patricia,Efectivo,5,1347,6735
320,2026-06-24,Carlos Lopez,Lima,Hogar,Cafetera,Patricia,Tarjeta,2,587,1174
321,2026-06-09,Carlos Lopez,Lima,Oficina,Silla,Patricia,Yape,4,477,1908
322,2026-02-09,Maria Garcia,Iquitos,Tecnología,Smartphone,Carlos,Plin,4,934,3736
323,2026-04-13,Jose Quispe,Arequipa,Hogar,Aspiradora,Rosa,Plin,1,812,812
324,2026-05-25,Ana Torres,Cusco,Hogar,Cafetera,Carlos,Tarjeta,1,367,367
325,2026-03-05,Valeria Mendoza,Arequipa,Accesorios,Teclado,Fernando,Efectivo,5,313,1565
326,2026-05-29,Diego Castillo,Chiclayo,Accesorios,Mouse,Fernando,Yape,1,80,80
327,2026-03-28,Diego Castillo,Cusco,Tecnología,Monitor,Fernando,Tarjeta,2,1327,2654
328,2026-03-17,Carlos Lopez,Trujillo,Accesorios,Teclado,Fernando,Yape,1,171,171
329,2026-02-09,Sofia Ramirez,Iquitos,Accesorios,Webcam,Patricia,Efectivo,2,350,700
330,2026-08-24,Lucia Vargas,Cusco,Tecnología,Laptop,Patricia,Plin,2,3340,6680
331,2026-09-17,Sofia Ramirez,Cusco,Tecnología,Smartphone,Carlos,Efectivo,3,1965,5895
332,2026-06-26,Juan Perez,Cusco,Oficina,Archivador,Rosa,Efectivo,3,292,876
333,2026-09-21,Sofia Ramirez,Cusco,Accesorios,Audífonos,Fernando,Tarjeta,1,445,445
334,2026-03-27,Lucia Vargas,Trujillo,Oficina,Impresora,Miguel,Yape,4,861,3444
335,2026-09-01,Valeria Mendoza,Chiclayo,Accesorios,Mouse,Fernando,Plin,3,114,342
336,2026-01-10,Carlos Lopez,Chiclayo,Hogar,Microondas,Rosa,Tarjeta,2,828,1656
337,2026-08-11,Ana Torres,Iquitos,Accesorios,Audífonos,Miguel,Efectivo,1,198,198
338,2026-09-06,Maria Garcia,Trujillo,Accesorios,Webcam,Fernando,Tarjeta,1,148,148
339,2026-02-02,Sofia Ramirez,Trujillo,Accesorios,Audífonos,Fernando,Efectivo,1,407,407
340,2026-05-01,Jose Quispe,Cusco,Accesorios,Mouse,Patricia,Plin,2,229,458
341,2026-05-23,Maria Garcia,Piura,Hogar,Aspiradora,Andrea,Efectivo,4,335,1340
342,2026-07-18,Valeria Mendoza,Chiclayo,Tecnología,Smartphone,Patricia,Tarjeta,3,2018,6054
343,2026-08-05,Diego Castillo,Arequipa,Tecnología,Tablet,Rosa,Tarjeta,3,835,2505
344,2026-06-10,Sofia Ramirez,Arequipa,Tecnología,Laptop,Patricia,Efectivo,2,2711,5422
345,2026-04-25,Lucia Vargas,Lima,Tecnología,Laptop,Carlos,Efectivo,5,3525,17625
346,2026-08-21,Diego Castillo,Arequipa,Accesorios,Teclado,Patricia,Plin,2,224,448
347,2026-01-15,Diego Castillo,Chiclayo,Oficina,Impresora,Fernando,Tarjeta,2,586,1172
348,2026-02-07,Carlos Lopez,Piura,Tecnología,Laptop,Carlos,Plin,1,2881,2881
349,2026-05-14,Diego Castillo,Trujillo,Hogar,Microondas,Miguel,Tarjeta,3,422,1266
350,2026-09-22,Diego Castillo,Lima,Oficina,Archivador,Patricia,Yape,2,360,720
351,2026-08-15,Ana Torres,Piura,Oficina,Archivador,Carlos,Plin,4,206,824
352,2026-08-02,Valeria Mendoza,Cusco,Tecnología,Tablet,Rosa,Tarjeta,4,893,3572
353,2026-01-03,Ana Torres,Iquitos,Oficina,Escritorio,Patricia,Yape,5,406,2030
354,2026-01-11,Jose Quispe,Arequipa,Hogar,Licuadora,Patricia,Efectivo,4,302,1208
355,2026-07-18,Carlos Lopez,Cusco,Accesorios,Audífonos,Fernando,Yape,5,337,1685
356,2026-05-29,Jose Quispe,Lima,Accesorios,Webcam,Fernando,Efectivo,1,143,143
357,2026-07-31,Luis Flores,Trujillo,Tecnología,Smartphone,Fernando,Efectivo,5,1843,9215
358,2026-08-19,Valeria Mendoza,Chiclayo,Oficina,Impresora,Patricia,Efectivo,2,455,910
359,2026-06-05,Jose Quispe,Arequipa,Oficina,Archivador,Carlos,Tarjeta,3,366,1098
360,2026-08-26,Juan Perez,Trujillo,Hogar,Microondas,Carlos,Yape,4,591,2364
361,2026-08-10,Sofia Ramirez,Piura,Accesorios,Webcam,Carlos,Tarjeta,5,415,2075
362,2026-08-02,Sofia Ramirez,Piura,Accesorios,Teclado,Rosa,Efectivo,4,198,792
363,2026-03-09,Maria Garcia,Iquitos,Oficina,Archivador,Patricia,Efectivo,4,208,832
364,2026-06-05,Ana Torres,Lima,Hogar,Licuadora,Fernando,Plin,5,496,2480
365,2026-09-07,Lucia Vargas,Iquitos,Oficina,Impresora,Carlos,Yape,3,1268,3804
366,2026-09-17,Carlos Lopez,Lima,Tecnología,Tablet,Andrea,Efectivo,1,1120,1120
367,2026-08-01,Diego Castillo,Iquitos,Tecnología,Tablet,Andrea,Plin,4,1287,5148
368,2026-08-08,Diego Castillo,Lima,Accesorios,Webcam,Patricia,Yape,4,204,816
369,2026-03-19,Ana Torres,Trujillo,Tecnología,Monitor,Carlos,Yape,4,1142,4568
370,2026-06-21,Diego Castillo,Piura,Accesorios,Mouse,Carlos,Yape,5,111,555
371,2026-07-10,Lucia Vargas,Chiclayo,Oficina,Impresora,Andrea,Efectivo,1,1029,1029
372,2026-09-24,Valeria Mendoza,Lima,Hogar,Cafetera,Miguel,Efectivo,3,230,690
373,2026-09-23,Maria Garcia,Chiclayo,Accesorios,Audífonos,Andrea,Efectivo,5,362,1810
374,2026-08-31,Luis Flores,Cusco,Tecnología,Tablet,Carlos,Plin,5,943,4715
375,2026-03-14,Lucia Vargas,Cusco,Accesorios,Teclado,Miguel,Efectivo,3,293,879
376,2026-09-01,Valeria Mendoza,Chiclayo,Hogar,Licuadora,Miguel,Yape,5,316,1580
377,2026-03-26,Jose Quispe,Arequipa,Tecnología,Monitor,Carlos,Tarjeta,5,674,3370
378,2026-04-16,Diego Castillo,Trujillo,Hogar,Microondas,Carlos,Yape,1,791,791
379,2026-02-20,Sofia Ramirez,Arequipa,Hogar,Aspiradora,Patricia,Tarjeta,2,473,946
380,2026-05-13,Valeria Mendoza,Lima,Accesorios,Teclado,Patricia,Plin,1,317,317
381,2026-01-10,Valeria Mendoza,Lima,Oficina,Escritorio,Carlos,Efectivo,2,495,990
382,2026-05-29,Lucia Vargas,Lima,Hogar,Cafetera,Miguel,Yape,1,609,609
383,2026-07-22,Lucia Vargas,Trujillo,Tecnología,Tablet,Carlos,Plin,5,1584,7920
384,2026-01-02,Sofia Ramirez,Cusco,Accesorios,Teclado,Andrea,Yape,1,143,143
385,2026-03-05,Luis Flores,Cusco,Accesorios,Audífonos,Rosa,Plin,2,285,570
386,2026-01-04,Luis Flores,Piura,Hogar,Microondas,Andrea,Tarjeta,1,687,687
387,2026-04-09,Valeria Mendoza,Cusco,Tecnología,Monitor,Miguel,Yape,5,504,2520
388,2026-04-25,Carlos Lopez,Trujillo,Tecnología,Monitor,Miguel,Yape,4,1147,4588
389,2026-02-19,Lucia Vargas,Cusco,Tecnología,Smartphone,Carlos,Efectivo,4,1825,7300
390,2026-03-05,Diego Castillo,Cusco,Tecnología,Laptop,Carlos,Efectivo,1,2972,2972
391,2026-04-30,Maria Garcia,Piura,Tecnología,Smartphone,Andrea,Plin,4,2191,8764
392,2026-09-18,Carlos Lopez,Arequipa,Oficina,Impresora,Patricia,Tarjeta,4,896,3584
393,2026-06-25,Valeria Mendoza,Piura,Oficina,Impresora,Rosa,Tarjeta,1,655,655
394,2026-06-21,Diego Castillo,Arequipa,Oficina,Archivador,Patricia,Plin,3,229,687
395,2026-01-04,Ana Torres,Trujillo,Oficina,Escritorio,Rosa,Plin,1,949,949
396,2026-06-23,Carlos Lopez,Piura,Hogar,Licuadora,Fernando,Efectivo,2,496,992
397,2026-02-03,Sofia Ramirez,Arequipa,Tecnología,Tablet,Carlos,Tarjeta,2,1088,2176
398,2026-03-06,Valeria Mendoza,Chiclayo,Accesorios,Mouse,Patricia,Efectivo,1,232,232
399,2026-05-18,Maria Garcia,Trujillo,Accesorios,Teclado,Patricia,Tarjeta,2,210,420
400,2026-04-28,Luis Flores,Chiclayo,Tecnología,Smartphone,Carlos,Tarjeta,5,2647,13235
401,2026-02-12,Ana Torres,Chiclayo,Oficina,Escritorio,Fernando,Plin,3,555,1665
402,2026-05-14,Valeria Mendoza,Arequipa,Tecnología,Monitor,Fernando,Efectivo,3,1327,3981
403,2026-08-25,Valeria Mendoza,Iquitos,Oficina,Escritorio,Rosa,Tarjeta,3,921,2763
404,2026-06-23,Maria Garcia,Piura,Hogar,Microondas,Patricia,Plin,4,752,3008
405,2026-09-01,Ana Torres,Arequipa,Tecnología,Monitor,Miguel,Yape,5,1123,5615
406,2026-08-21,Luis Flores,Cusco,Tecnología,Monitor,Rosa,Efectivo,5,1169,5845
407,2026-03-23,Juan Perez,Chiclayo,Oficina,Silla,Carlos,Tarjeta,5,502,2510
408,2026-08-22,Carlos Lopez,Trujillo,Oficina,Impresora,Rosa,Tarjeta,4,1165,4660
409,2026-02-04,Valeria Mendoza,Lima,Hogar,Microondas,Carlos,Efectivo,4,742,2968
410,2026-07-15,Valeria Mendoza,Arequipa,Oficina,Archivador,Patricia,Tarjeta,2,154,308
411,2026-03-24,Jose Quispe,Arequipa,Hogar,Cafetera,Patricia,Yape,5,453,2265
412,2026-09-25,Juan Perez,Lima,Tecnología,Smartphone,Miguel,Plin,3,999,2997
413,2026-02-02,Ana Torres,Lima,Hogar,Cafetera,Miguel,Tarjeta,2,442,884
414,2026-03-30,Valeria Mendoza,Lima,Tecnología,Smartphone,Rosa,Plin,3,2679,8037
415,2026-05-09,Jose Quispe,Piura,Tecnología,Monitor,Rosa,Yape,4,1180,4720
416,2026-04-30,Lucia Vargas,Cusco,Tecnología,Laptop,Rosa,Tarjeta,3,2684,8052
417,2026-03-10,Sofia Ramirez,Arequipa,Oficina,Impresora,Patricia,Yape,1,505,505
418,2026-02-03,Carlos Lopez,Chiclayo,Accesorios,Teclado,Andrea,Plin,2,298,596
419,2026-08-06,Lucia Vargas,Chiclayo,Hogar,Licuadora,Patricia,Plin,3,396,1188
420,2026-09-04,Valeria Mendoza,Lima,Tecnología,Smartphone,Miguel,Plin,4,3000,12000
421,2026-08-29,Diego Castillo,Lima,Hogar,Licuadora,Carlos,Efectivo,2,357,714
422,2026-03-25,Juan Perez,Chiclayo,Hogar,Microondas,Rosa,Plin,3,683,2049
423,2026-05-14,Luis Flores,Piura,Accesorios,Mouse,Fernando,Efectivo,3,92,276
424,2026-06-07,Jose Quispe,Cusco,Accesorios,Teclado,Rosa,Tarjeta,1,80,80
425,2026-08-09,Luis Flores,Iquitos,Hogar,Licuadora,Patricia,Efectivo,3,407,1221
426,2026-02-25,Lucia Vargas,Iquitos,Hogar,Cafetera,Carlos,Yape,3,212,636
427,2026-04-19,Lucia Vargas,Lima,Tecnología,Smartphone,Miguel,Tarjeta,5,2738,13690
428,2026-02-21,Juan Perez,Chiclayo,Tecnología,Smartphone,Miguel,Yape,4,1303,5212
429,2026-07-04,Juan Perez,Arequipa,Tecnología,Monitor,Patricia,Yape,4,1319,5276
430,2026-06-04,Ana Torres,Chiclayo,Accesorios,Mouse,Miguel,Efectivo,4,133,532
431,2026-03-05,Luis Flores,Lima,Hogar,Microondas,Carlos,Yape,1,816,816
432,2026-06-24,Carlos Lopez,Piura,Hogar,Cafetera,Rosa,Plin,5,475,2375
433,2026-02-24,Lucia Vargas,Trujillo,Accesorios,Teclado,Miguel,Yape,5,154,770
434,2026-05-21,Juan Perez,Piura,Accesorios,Mouse,Patricia,Tarjeta,4,126,504
435,2026-08-05,Lucia Vargas,Arequipa,Accesorios,Audífonos,Patricia,Efectivo,4,435,1740
436,2026-05-30,Carlos Lopez,Lima,Hogar,Licuadora,Carlos,Tarjeta,2,444,888
437,2026-08-11,Sofia Ramirez,Lima,Hogar,Microondas,Carlos,Yape,2,684,1368
438,2026-02-12,Carlos Lopez,Cusco,Tecnología,Smartphone,Rosa,Yape,5,1921,9605
439,2026-07-21,Ana Torres,Chiclayo,Accesorios,Teclado,Andrea,Yape,5,142,710
440,2026-05-12,Sofia Ramirez,Piura,Tecnología,Laptop,Miguel,Plin,1,3236,3236
441,2026-02-20,Luis Flores,Cusco,Tecnología,Tablet,Rosa,Plin,1,990,990
442,2026-07-24,Diego Castillo,Cusco,Accesorios,Teclado,Carlos,Plin,3,163,489
443,2026-02-09,Ana Torres,Cusco,Oficina,Escritorio,Carlos,Yape,5,691,3455
444,2026-03-31,Luis Flores,Lima,Oficina,Archivador,Rosa,Plin,1,296,296
445,2026-03-06,Diego Castillo,Piura,Hogar,Microondas,Rosa,Plin,5,711,3555
446,2026-06-06,Carlos Lopez,Cusco,Tecnología,Monitor,Patricia,Yape,4,684,2736
447,2026-07-27,Ana Torres,Arequipa,Tecnología,Tablet,Carlos,Tarjeta,1,1570,1570
448,2026-03-10,Juan Perez,Chiclayo,Oficina,Escritorio,Rosa,Efectivo,4,902,3608
449,2026-04-22,Sofia Ramirez,Lima,Oficina,Escritorio,Carlos,Efectivo,4,655,2620
450,2026-09-09,Carlos Lopez,Piura,Hogar,Cafetera,Miguel,Yape,5,647,3235
451,2026-08-13,Carlos Lopez,Chiclayo,Accesorios,Mouse,Andrea,Efectivo,2,240,480
452,2026-05-17,Jose Quispe,Lima,Tecnología,Smartphone,Rosa,Plin,4,2130,8520
453,2026-01-27,Maria Garcia,Iquitos,Oficina,Archivador,Miguel,Plin,5,198,990
454,2026-08-08,Juan Perez,Piura,Hogar,Microondas,Andrea,Yape,1,467,467
455,2026-01-27,Diego Castillo,Arequipa,Accesorios,Webcam,Miguel,Yape,5,299,1495
456,2026-04-04,Juan Perez,Chiclayo,Tecnología,Laptop,Fernando,Plin,1,3552,3552
457,2026-06-19,Ana Torres,Chiclayo,Oficina,Impresora,Patricia,Yape,5,1094,5470
458,2026-02-08,Diego Castillo,Lima,Oficina,Impresora,Patricia,Efectivo,4,1362,5448
459,2026-09-26,Jose Quispe,Cusco,Tecnología,Tablet,Fernando,Efectivo,5,964,4820
460,2026-07-25,Maria Garcia,Arequipa,Oficina,Silla,Andrea,Yape,2,515,1030
461,2026-05-02,Sofia Ramirez,Lima,Oficina,Escritorio,Rosa,Tarjeta,2,565,1130
462,2026-03-10,Lucia Vargas,Piura,Accesorios,Audífonos,Andrea,Efectivo,3,231,693
463,2026-04-23,Lucia Vargas,Cusco,Oficina,Impresora,Rosa,Plin,2,957,1914
464,2026-05-25,Juan Perez,Piura,Tecnología,Monitor,Carlos,Efectivo,2,1307,2614
465,2026-07-16,Maria Garcia,Arequipa,Tecnología,Laptop,Andrea,Efectivo,1,3763,3763
466,2026-08-16,Carlos Lopez,Lima,Hogar,Aspiradora,Andrea,Yape,3,856,2568
467,2026-04-27,Maria Garcia,Trujillo,Accesorios,Webcam,Carlos,Yape,2,290,580
468,2026-03-19,Luis Flores,Iquitos,Hogar,Microondas,Rosa,Yape,5,669,3345
469,2026-01-02,Sofia Ramirez,Trujillo,Hogar,Licuadora,Patricia,Efectivo,3,184,552
470,2026-09-04,Jose Quispe,Piura,Accesorios,Audífonos,Rosa,Plin,2,397,794
471,2026-02-14,Diego Castillo,Arequipa,Hogar,Aspiradora,Andrea,Plin,1,361,361
472,2026-01-29,Maria Garcia,Lima,Hogar,Cafetera,Fernando,Efectivo,2,207,414
473,2026-03-18,Carlos Lopez,Piura,Hogar,Microondas,Andrea,Yape,2,750,1500
474,2026-07-22,Diego Castillo,Piura,Accesorios,Webcam,Carlos,Plin,5,228,1140
475,2026-07-20,Sofia Ramirez,Lima,Hogar,Cafetera,Andrea,Tarjeta,4,264,1056
476,2026-03-25,Maria Garcia,Trujillo,Tecnología,Laptop,Carlos,Tarjeta,2,3422,6844
477,2026-05-25,Valeria Mendoza,Piura,Accesorios,Mouse,Carlos,Tarjeta,3,56,168
478,2026-03-24,Luis Flores,Trujillo,Hogar,Microondas,Fernando,Efectivo,1,743,743
479,2026-01-21,Carlos Lopez,Trujillo,Accesorios,Mouse,Andrea,Yape,2,74,148
480,2026-05-24,Diego Castillo,Iquitos,Oficina,Impresora,Fernando,Plin,1,1032,1032
481,2026-08-14,Carlos Lopez,Piura,Oficina,Impresora,Patricia,Yape,3,1166,3498
482,2026-04-25,Maria Garcia,Trujillo,Accesorios,Webcam,Miguel,Efectivo,1,288,288
483,2026-04-19,Ana Torres,Lima,Accesorios,Teclado,Andrea,Yape,3,111,333
484,2026-08-05,Diego Castillo,Trujillo,Oficina,Impresora,Miguel,Plin,2,987,1974
485,2026-04-12,Lucia Vargas,Arequipa,Oficina,Archivador,Miguel,Tarjeta,4,221,884
486,2026-01-08,Diego Castillo,Chiclayo,Hogar,Microondas,Fernando,Plin,2,580,1160
487,2026-07-13,Diego Castillo,Trujillo,Hogar,Aspiradora,Miguel,Efectivo,2,316,632
488,2026-09-25,Maria Garcia,Iquitos,Oficina,Escritorio,Carlos,Yape,2,796,1592
489,2026-01-09,Maria Garcia,Trujillo,Accesorios,Teclado,Patricia,Efectivo,4,275,1100
490,2026-07-22,Sofia Ramirez,Trujillo,Tecnología,Monitor,Andrea,Efectivo,2,1048,2096
491,2026-05-04,Maria Garcia,Chiclayo,Accesorios,Mouse,Andrea,Yape,5,90,450
492,2026-07-20,Valeria Mendoza,Chiclayo,Oficina,Silla,Rosa,Tarjeta,3,806,2418
493,2026-04-06,Maria Garcia,Lima,Hogar,Licuadora,Andrea,Tarjeta,3,283,849
494,2026-05-15,Sofia Ramirez,Chiclayo,Hogar,Cafetera,Patricia,Plin,1,231,231
495,2026-04-03,Jose Quispe,Lima,Oficina,Escritorio,Fernando,Plin,2,512,1024
496,2026-04-21,Diego Castillo,Piura,Oficina,Escritorio,Patricia,Plin,2,843,1686
497,2026-05-09,Diego Castillo,Cusco,Hogar,Licuadora,Andrea,Tarjeta,3,255,765
498,2026-07-11,Carlos Lopez,Trujillo,Tecnología,Smartphone,Andrea,Yape,2,1836,3672
499,2026-04-21,Luis Flores,Piura,Oficina,Impresora,Andrea,Plin,2,1264,2528
500,2026-02-22,Valeria Mendoza,Arequipa,Oficina,Escritorio,Fernando,Tarjeta,5,400,2000
